product_id,category,subcategory,brand,cost_price
101,Electronics,Headphones,AudioNova,65
102,Electronics,Keyboard,KeyCraft,40
103,Home,Desk Lamp,BrightNest,18
104,Fashion,Sneakers,StrideX,55
105,Beauty,Skincare Set,GlowLab,22
106,Home,Coffee Maker,BrewMatic,48
107,Fashion,Backpack,UrbanCarry,30
108,Electronics,Mouse,ClickPro,15
